{"52":{"tag_id":"52","tag_name":"B2B \u5e38\u89c4\u4ea7\u54c1\u9500\u552e","type_id":"5","up_id":"0","tag_level":"1","is_selected":"1"},"53":{"tag_id":"53","tag_name":"B2B \u5b9a\u5236\u4ea7\u54c1\u9500\u552e","type_id":"5","up_id":"0","tag_level":"1","is_selected":"1"},"54":{"tag_id":"54","tag_name":"B2B \u4f1a\u5458\u8d39","type_id":"5","up_id":"0","tag_level":"1","is_selected":"1"},"55":{"tag_id":"55","tag_name":"B2C \u6253\u6298\u4fc3\u9500","type_id":"5","up_id":"0","tag_level":"1","is_selected":"1"},"56":{"tag_id":"56","tag_name":"B2C \u9650\u65f6\u62a2\u8d2d","type_id":"5","up_id":"0","tag_level":"1","is_selected":"1"},"57":{"tag_id":"57","tag_name":"B2C \u56e2\u8d2d","type_id":"5","up_id":"0","tag_level":"1","is_selected":"1"},"58":{"tag_id":"58","tag_name":"B2C \u79df\u8d41","type_id":"5","up_id":"0","tag_level":"1","is_selected":"1"},"59":{"tag_id":"59","tag_name":"B2C \u6d88\u8d39\u8005\u5b9a\u4ef7","type_id":"5","up_id":"0","tag_level":"1","is_selected":"1"},"60":{"tag_id":"60","tag_name":"B2C \u4e2d\u4ecb\u79df\u8d41","type_id":"5","up_id":"0","tag_level":"1","is_selected":"1"},"61":{"tag_id":"61","tag_name":"B2C \u4f1a\u5458\u8d39","type_id":"5","up_id":"0","tag_level":"1","is_selected":"1"},"62":{"tag_id":"62","tag_name":"C2C \u5546\u54c1\u9500\u552e","type_id":"5","up_id":"0","tag_level":"1","is_selected":"1"},"63":{"tag_id":"63","tag_name":"C2C \u79df\u8d41","type_id":"5","up_id":"0","tag_level":"1","is_selected":"1"},"64":{"tag_id":"64","tag_name":"C2C \u70b9\u8bc4","type_id":"5","up_id":"0","tag_level":"1","is_selected":"1"},"65":{"tag_id":"65","tag_name":"C2C \u7269\u54c1\u4ea4\u6362","type_id":"5","up_id":"0","tag_level":"1","is_selected":"1"},"66":{"tag_id":"66","tag_name":"\u5e7f\u544a CPD\u6309\u5929\u4ed8\u8d39\uff08\u95e8\u6237\uff09 ","type_id":"5","up_id":"0","tag_level":"1","is_selected":"1"},"67":{"tag_id":"67","tag_name":"\u5e7f\u544a CPM\u6309\u5c55\u73b0\u91cf\u6536\u8d39 ","type_id":"5","up_id":"0","tag_level":"1","is_selected":"1"},"68":{"tag_id":"68","tag_name":"\u5e7f\u544a CPC\u70b9\u51fb\u4ed8\u8d39 ","type_id":"5","up_id":"0","tag_level":"1","is_selected":"1"},"69":{"tag_id":"69","tag_name":"\u5e7f\u544a CPA\u6309\u7528\u6237\u884c\u52a8\u4ed8\u8d39 ","type_id":"5","up_id":"0","tag_level":"1","is_selected":"1"},"70":{"tag_id":"70","tag_name":"\u5e7f\u544a CPP\u6309\u6bcf\u8d2d\u4e70\u6210\u672c\u6536\u8d39 ","type_id":"5","up_id":"0","tag_level":"1","is_selected":"1"},"71":{"tag_id":"71","tag_name":"\u672c\u5730\u5316\u751f\u6d3b\u670d\u52a1 O2O","type_id":"5","up_id":"0","tag_level":"1","is_selected":"1"},"72":{"tag_id":"72","tag_name":"\u672c\u5730\u5316\u751f\u6d3b\u670d\u52a1 P2P\u5408\u4f5c\u5206\u4eab","type_id":"5","up_id":"0","tag_level":"1","is_selected":"1"},"73":{"tag_id":"73","tag_name":"\u4f4d\u7f6e\u670d\u52a1 \u7b7e\u5230","type_id":"5","up_id":"0","tag_level":"1","is_selected":"1"},"74":{"tag_id":"74","tag_name":"\u4f4d\u7f6e\u670d\u52a1 API","type_id":"5","up_id":"0","tag_level":"1","is_selected":"1"},"75":{"tag_id":"75","tag_name":"\u8f66\u8f7d\u5bfc\u822a \u524d\u88c5","type_id":"5","up_id":"0","tag_level":"1","is_selected":"1"},"76":{"tag_id":"76","tag_name":"\u8f66\u8f7d\u5bfc\u822a \u540e\u88c5","type_id":"5","up_id":"0","tag_level":"1","is_selected":"1"},"77":{"tag_id":"77","tag_name":"\u7f51\u7edc\u65c5\u6e38 SNS+UGC","type_id":"5","up_id":"0","tag_level":"1","is_selected":"1"},"78":{"tag_id":"78","tag_name":"\u7f51\u7edc\u65c5\u6e38 OTA","type_id":"5","up_id":"0","tag_level":"1","is_selected":"1"},"79":{"tag_id":"79","tag_name":"\u7f51\u7edc\u65c5\u6e38 OTA+\u5ea6\u5047\u7ebf\u8def","type_id":"5","up_id":"0","tag_level":"1","is_selected":"1"},"80":{"tag_id":"80","tag_name":"\u7f51\u7edc\u65c5\u6e38 \u666f\u533a\u95e8\u7968 ","type_id":"5","up_id":"0","tag_level":"1","is_selected":"1"},"81":{"tag_id":"81","tag_name":"\u7f51\u7edc\u65c5\u6e38 \u56e2\u8d2d","type_id":"5","up_id":"0","tag_level":"1","is_selected":"1"},"82":{"tag_id":"82","tag_name":"\u7f51\u7edc\u65c5\u6e38 \u6d88\u8d39\u8005\u5b9a\u4ef7","type_id":"5","up_id":"0","tag_level":"1","is_selected":"1"},"83":{"tag_id":"83","tag_name":"\u7f51\u7edc\u65c5\u6e38 \u6bd4\u4ef7\u641c\u7d22","type_id":"5","up_id":"0","tag_level":"1","is_selected":"1"},"84":{"tag_id":"84","tag_name":"\u7f51\u7edc\u65c5\u6e38 \u77ed\u671f\u79df\u8d41","type_id":"5","up_id":"0","tag_level":"1","is_selected":"1"},"85":{"tag_id":"85","tag_name":"\u7f51\u7edc\u6e38\u620f \u70b9\u5361 ","type_id":"5","up_id":"0","tag_level":"1","is_selected":"1"},"86":{"tag_id":"86","tag_name":"\u7f51\u7edc\u6e38\u620f \u5305\u6708","type_id":"5","up_id":"0","tag_level":"1","is_selected":"1"},"87":{"tag_id":"87","tag_name":"\u7f51\u7edc\u6e38\u620f \u88c5\u5907","type_id":"5","up_id":"0","tag_level":"1","is_selected":"1"},"88":{"tag_id":"88","tag_name":"\u7f51\u7edc\u6e38\u620f \u5e73\u53f0\u4e2d\u4ecb","type_id":"5","up_id":"0","tag_level":"1","is_selected":"1"}}
